<?xml version="1.0" encoding="UTF-8"?>
<project-private xmlns="http://www.netbeans.org/ns/project-private/1">
    <editor-bookmarks xmlns="http://www.netbeans.org/ns/editor-bookmarks/2" lastBookmarkId="0"/>
    <open-files xmlns="http://www.netbeans.org/ns/projectui-open-files/2">
        <group>
            <file>file:/C:/Users/DELL/Documents/NetBeansProjects/ProjetoPPJavaFx/src/projetoppjavafx/Regras.fxml</file>
            <file>file:/C:/Users/DELL/Documents/NetBeansProjects/ProjetoPPJavaFx/src/projetoppjavafx/FXMLMenuController.java</file>
            <file>file:/C:/Users/DELL/Documents/NetBeansProjects/ProjetoPPJavaFx/src/projetoppjavafx/ProjetoPPJavaFx.java</file>
            <file>file:/C:/Users/DELL/Documents/NetBeansProjects/ProjetoPPJavaFx/src/projetoppjavafx/MainJogarMP.java</file>
            <file>file:/C:/Users/DELL/Documents/NetBeansProjects/ProjetoPPJavaFx/src/projetoppjavafx/MainMP.java</file>
            <file>file:/C:/Users/DELL/Documents/NetBeansProjects/ProjetoPPJavaFx/src/projetoppjavafx/MP.fxml</file>
            <file>file:/C:/Users/DELL/Documents/NetBeansProjects/ProjetoPPJavaFx/src/projetoppjavafx/JogarMPController.java</file>
            <file>file:/C:/Users/DELL/Documents/NetBeansProjects/ProjetoPPJavaFx/src/projetoppjavafx/MPController.java</file>
            <file>file:/C:/Users/DELL/Documents/NetBeansProjects/ProjetoPPJavaFx/src/projetoppjavafx/RegrasController.java</file>
            <file>file:/C:/Users/DELL/Documents/NetBeansProjects/ProjetoPPJavaFx/src/projetoppjavafx/FXMLMenu.fxml</file>
            <file>file:/C:/Users/DELL/Documents/NetBeansProjects/ProjetoPPJavaFx/src/projetoppjavafx/JogarMP.fxml</file>
            <file>file:/C:/Users/DELL/Documents/NetBeansProjects/ProjetoPPJavaFx/src/projetoppjavafx/RankingController.java</file>
            <file>file:/C:/Users/DELL/Documents/NetBeansProjects/ProjetoPPJavaFx/src/pacoteJogo/Maos.java</file>
        </group>
    </open-files>
</project-private>
