<?xml version="1.0" encoding="UTF-8"?>
<project-private xmlns="http://www.netbeans.org/ns/project-private/1">
    <editor-bookmarks xmlns="http://www.netbeans.org/ns/editor-bookmarks/2" lastBookmarkId="0"/>
    <open-files xmlns="http://www.netbeans.org/ns/projectui-open-files/2">
        <group>
            <file>file:/C:/Users/DELL/Documents/NetBeansProjects/ProjetoPP/src/projetopp/ProjetoPP.java</file>
            <file>file:/C:/Users/DELL/Documents/NetBeansProjects/ProjetoPP/src/pacotePassagens/Passagem.java</file>
            <file>file:/C:/Users/DELL/Documents/NetBeansProjects/ProjetoPP/src/pacoteClientes/ArquivoObjetoCliente.java</file>
            <file>file:/C:/Users/DELL/Documents/NetBeansProjects/ProjetoPP/src/pacoteClientes/Node.java</file>
            <file>file:/C:/Users/DELL/Documents/NetBeansProjects/ProjetoPP/src/pacoteVoos/Assento.java</file>
            <file>file:/C:/Users/DELL/Documents/NetBeansProjects/ProjetoPP/src/pacotePassagens/PassagemTexto.java</file>
            <file>file:/C:/Users/DELL/Documents/NetBeansProjects/ProjetoPP/src/projetopp/Validacao.java</file>
            <file>file:/C:/Users/DELL/Documents/NetBeansProjects/ProjetoPP/src/pacoteVoos/NodeV.java</file>
            <file>file:/C:/Users/DELL/Documents/NetBeansProjects/ProjetoPP/src/pacotePassagens/ListaTextoPassagem.java</file>
            <file>file:/C:/Users/DELL/Documents/NetBeansProjects/ProjetoPP/src/pacotePassagens/ModuloPassagens.java</file>
            <file>file:/C:/Users/DELL/Documents/NetBeansProjects/ProjetoPP/src/pacoteClientes/Cliente.java</file>
            <file>file:/C:/Users/DELL/Documents/NetBeansProjects/ProjetoPP/src/pacoteClientes/ModuloClientes.java</file>
            <file>file:/C:/Users/DELL/Documents/NetBeansProjects/ProjetoPP/src/pacotePassagens/NodeP.java</file>
            <file>file:/C:/Users/DELL/Documents/NetBeansProjects/ProjetoPP/src/pacotePassagens/NodeT.java</file>
            <file>file:/C:/Users/DELL/Documents/NetBeansProjects/ProjetoPP/src/pacoteVoos/Voo.java</file>
            <file>file:/C:/Users/DELL/Documents/NetBeansProjects/ProjetoPP/src/pacoteVoos/ArquivoObjetoVoo.java</file>
            <file>file:/C:/Users/DELL/Documents/NetBeansProjects/ProjetoPP/src/pacotePassagens/ArquivoObjetoPassagem.java</file>
            <file>file:/C:/Users/DELL/Documents/NetBeansProjects/ProjetoPP/src/pacoteVoos/ModuloVoos.java</file>
        </group>
    </open-files>
</project-private>
